{
  "score": 7,
  "pair_coef": [
    -0.08965952694416046,
    -0.010011891834437847,
    0.5460317730903625,
    -0.15362676978111267,
    -0.008378594182431698,
    0.1621909886598587,
    -0.15953132510185242,
    -0.034274179488420486,
    0.0,
    0.0,
    0.04396771267056465
  ],
  "pair_intercept": 0.001068557862186313,
  "ensemble": [
    0.9825716502992075,
    0.7163138229722408,
    -0.06355854662666502,
    -0.35311058155772795,
    -0.42546403278960754,
    -0.5012247546065903,
    0.2890206785968109,
    -0.21787452692054332,
    -0.0966321735378905
  ],
  "skill": {
    "D001": 0.07909648006596837,
    "D002": -0.20860618174353274,
    "D003": 0.05224193379593811,
    "D004": -0.0487940730654709,
    "D005": 0.06007169082052932,
    "D006": 0.08755842594082114,
    "D007": -0.1497453615020532,
    "D008": 0.08068383431947362,
    "D009": -0.16986509159836777,
    "D010": -0.16617470695853068,
    "D011": -0.047767953493103275,
    "D012": 0.12114992127517722,
    "D013": 0.19432115944048955,
    "D014": 0.12112239276376588,
    "D015": 0.029627375481789897,
    "D016": 0.1041455768818535,
    "D017": -0.17188340355987874,
    "D018": 0.09771997300541724,
    "D019": 0.061787189156573774,
    "D020": -0.12668918102687776
  }
}